,9
United,1,v
Winter,1,v
Service,1,n
money,1,n
executive,1,n
country,1,n
foot,1,n
fighters,1,n
books,1,n
rooms,2,n
Internet,2,n
soldiers,1,n
flavor,1,n
"systems,",1
networks,2,n
secret,1,s
Notice,1,n
death,2,n
police,1,v
Transactions,1,n
partnerships,1,n
Football,1,n
environment,1,n
palestine,2,n
offers,1,v
parents,1,n
York,4,n
listing,1,v
fuel,2,v
communist,1,n
local,1,a
friendly,1,a
economic,1,s
real,5,s
prime,1,s
vendor,1,n
finance,1,n
government,2,n
Island,1,n
nation,1,n
medicine,1,n
game,1,n
party,1,n
schools,1,n
world,1,n
republican,1,n
day,1,n
viewers,1,n
Online,1,a
school,1,n
meat,3,n
artist,1,n
Cards,4,n
The,1
countries,3,n
companies,2,n
democrat,2,n
teams,5,n
Editor,3,n
Manning,1,v
landmarks,2,n
science,1,n
found,1,v
security,1,n
restaurants,1,n
available,1,s
www,2,n
square,1,v
art,1,n
people,4,n
senate,1,n
artists,1,n
Judiaism,1
Long,1,a
Locations,1,n
culture,1,n
officials,1,n
design,1,v
Location,1,n
lawyer,1,n
New,5,s
nations,2,n
insurance,1,n
senat,1
living,1,v
Church,2,n
theatre,1,n
paintings,1,v
showcase,1,n
away,1,r
representatives,1,n
legal,2,a
children,1,n
entertainment,2,n
written,1,v
branch,1,n
health,1,n
game/s,2
events,1,n
Drinking,1,v
Super,1,s
tech,1,n
shows,1,v
scenery,1,n
jury,1,n
Places,2,v
nature,1,n
University,1,n
team,2,n
boss,2,n
leadership,1,n
baseball,2,n
"phone,",1
genre,7,n
group,1,n
iraq,1,n
by,1,r
change,2,v
manufacturer,1,n
league,2,n
property,2,n
Religion,1,n
Deaths,4,n
Computer,1,n
Money,1,n
citizens,1,n
location,5,n
contract,1,v
foreign,1,a
players,1,n
Associates,1,n
games,1,n
Lawyer,1,n
testimony,1,n
corrections,2,n
military,2,a
history,2,n
software,1,n
origin,3,n
Obituary,3,n
anti,1,a
groups,1,n
family,9,n
color,1,n
Travel,1,v
litigators,1,n
channels,1,n
brands,1,n
weather,2,v
Health,2,n
YOrk,1,n
parties,1,n
armed,1,a
Residents,1,n
size,2,n
city,1,n
properties,1,n
management,2,n
estate,5,n
area,1,n
spending,1,v
govenor,1
political,3,a
vacation,3,n
sports,2,n
convicted,1,v
NY,1,n
attack,1,n
Obituaries,2,n
passed,1,v
Date,2,n
cultures,1,n
NBA,1
Iraq,1,n
finances,1,n
Courtroom,2,n
israel,1,n
medium,1,n
names,1,v
manufacturers,1,n
brand,1,n
Politicians,2,n
Nations,4,n
Brands,3,n
American,1,n
part,1,n
minister,1,n
Healthcare,1,n
cases,1,n
Sports,2,n
he,1,n
plants,1,v
Family,1,n
To,2
car,1,n
board,2,n
war,2,n
politics,1,n
movies,1,n
Colors,2,n
cost,2,n
marriage,1,n
historical,1,a
of,3
cosmos,1,n
Care,2,n
Children,1,n
Hockey,1,n
and,4
City,2,n
USA,1,n
process,1,v
household,1,n
in,1,s
tax,1,v
locations,1,n
states,3,n
player,4,n
Relatives,1,n
numbers,1,n
research,3,v
home,1,n
shopping,1,v
film,2,n
information,1,n
united,3,v
court,2,n
winter,2,v
ingredients,1,n
media,1,n
Price,1,n
event,3,n
politicians,2,n
other,1,s
forces,1,n
Building,1,v
President,1,n
company,3,n
economy,2,n
development,1,n
congress,1,n
students,3,n
healthcare,1,n
space,1,n
Movies,1,n
opinion,1,n
services,2,n
pleaded,1,v
Teams,2,n
types,2,n
building,1,v
Exhibitions,1,n
Bowl,1,n
phone,1,n
author,1,n
Marriages,3,n
Player,1,n
directors,1,n
Weather,1,v
green,1,n
time,7,n
Islam,1,n
painting,1,v
travel,3,v
wine,1,v
